experiment_id,mode,fusion_strategy,seed,best_epoch,best_validation_ndcg@10,subset,k,ndcg,recall,commit
PFR-Fusion-Concat-v1,fusion,concat,2026,10,0.004816115130179092,all,5,0.0021987556683511905,0.0035957076240238214,6e0928a840435a55636e808b9b0e68a647807e9b
PFR-Fusion-Concat-v1,fusion,concat,2026,10,0.004816115130179092,all,10,0.0031937314023653598,0.00671386032923198,6e0928a840435a55636e808b9b0e68a647807e9b
PFR-Fusion-Concat-v1,fusion,concat,2026,10,0.004816115130179092,all,20,0.004698796379479464,0.01269734254733412,6e0928a840435a55636e808b9b0e68a647807e9b
PFR-Fusion-Concat-v1,fusion,concat,2026,10,0.004816115130179092,all,50,0.007913700635673133,0.02913085004775549,6e0928a840435a55636e808b9b0e68a647807e9b
PFR-Fusion-Concat-v1,fusion,concat,2026,10,0.004816115130179092,cold_start_target,5,0.0,0.0,6e0928a840435a55636e808b9b0e68a647807e9b
PFR-Fusion-Concat-v1,fusion,concat,2026,10,0.004816115130179092,cold_start_target,10,0.0,0.0,6e0928a840435a55636e808b9b0e68a647807e9b
PFR-Fusion-Concat-v1,fusion,concat,2026,10,0.004816115130179092,cold_start_target,20,0.0,0.0,6e0928a840435a55636e808b9b0e68a647807e9b
PFR-Fusion-Concat-v1,fusion,concat,2026,10,0.004816115130179092,cold_start_target,50,0.0006711231973292214,0.0031545741324921135,6e0928a840435a55636e808b9b0e68a647807e9b
PFR-Fusion-Concat-v1,fusion,concat,2026,10,0.004816115130179092,long_tail_target,5,0.0007407283353696833,0.0013049588436057017,6e0928a840435a55636e808b9b0e68a647807e9b
PFR-Fusion-Concat-v1,fusion,concat,2026,10,0.004816115130179092,long_tail_target,10,0.0013155817674874273,0.003111824934752058,6e0928a840435a55636e808b9b0e68a647807e9b
PFR-Fusion-Concat-v1,fusion,concat,2026,10,0.004816115130179092,long_tail_target,20,0.0019031806979423371,0.005420598273439069,6e0928a840435a55636e808b9b0e68a647807e9b
PFR-Fusion-Concat-v1,fusion,concat,2026,10,0.004816115130179092,long_tail_target,50,0.003621597632380441,0.014153784380646456,6e0928a840435a55636e808b9b0e68a647807e9b
PFR-Fusion-Concat-v1,fusion,concat,2026,10,0.004816115130179092,sparse_user,5,0.0021005796966785725,0.0034012103008083396,6e0928a840435a55636e808b9b0e68a647807e9b
PFR-Fusion-Concat-v1,fusion,concat,2026,10,0.004816115130179092,sparse_user,10,0.00317135268309698,0.006714077476920359,6e0928a840435a55636e808b9b0e68a647807e9b
PFR-Fusion-Concat-v1,fusion,concat,2026,10,0.004816115130179092,sparse_user,20,0.004580523179162394,0.012323865895136711,6e0928a840435a55636e808b9b0e68a647807e9b
PFR-Fusion-Concat-v1,fusion,concat,2026,10,0.004816115130179092,sparse_user,50,0.00790994528781635,0.02932991739917841,6e0928a840435a55636e808b9b0e68a647807e9b
PFR-Interaction-v1,interaction,concat,2026,28,0.022434585334751806,all,5,0.012148347328573932,0.019102196752626553,6e0928a840435a55636e808b9b0e68a647807e9b
PFR-Interaction-v1,interaction,concat,2026,28,0.022434585334751806,all,10,0.015958517373291705,0.03095679532558009,6e0928a840435a55636e808b9b0e68a647807e9b
PFR-Interaction-v1,interaction,concat,2026,28,0.022434585334751806,all,20,0.01999819075159413,0.0471093881678746,6e0928a840435a55636e808b9b0e68a647807e9b
PFR-Interaction-v1,interaction,concat,2026,28,0.022434585334751806,all,50,0.026660107335679844,0.08095960447216136,6e0928a840435a55636e808b9b0e68a647807e9b
PFR-Interaction-v1,interaction,concat,2026,28,0.022434585334751806,cold_start_target,5,0.0,0.0,6e0928a840435a55636e808b9b0e68a647807e9b
PFR-Interaction-v1,interaction,concat,2026,28,0.022434585334751806,cold_start_target,10,0.0,0.0,6e0928a840435a55636e808b9b0e68a647807e9b
PFR-Interaction-v1,interaction,concat,2026,28,0.022434585334751806,cold_start_target,20,0.0,0.0,6e0928a840435a55636e808b9b0e68a647807e9b
PFR-Interaction-v1,interaction,concat,2026,28,0.022434585334751806,cold_start_target,50,0.0,0.0,6e0928a840435a55636e808b9b0e68a647807e9b
PFR-Interaction-v1,interaction,concat,2026,28,0.022434585334751806,long_tail_target,5,0.0011629517492401807,0.0014053402931138326,6e0928a840435a55636e808b9b0e68a647807e9b
PFR-Interaction-v1,interaction,concat,2026,28,0.022434585334751806,long_tail_target,10,0.0022651577720190106,0.004818309576390283,6e0928a840435a55636e808b9b0e68a647807e9b
PFR-Interaction-v1,interaction,concat,2026,28,0.022434585334751806,long_tail_target,20,0.0024448006282300747,0.005520979722947199,6e0928a840435a55636e808b9b0e68a647807e9b
PFR-Interaction-v1,interaction,concat,2026,28,0.022434585334751806,long_tail_target,50,0.0031798374803176724,0.009235093354748043,6e0928a840435a55636e808b9b0e68a647807e9b
PFR-Interaction-v1,interaction,concat,2026,28,0.022434585334751806,sparse_user,5,0.013519670701237694,0.020672291178938998,6e0928a840435a55636e808b9b0e68a647807e9b
PFR-Interaction-v1,interaction,concat,2026,28,0.022434585334751806,sparse_user,10,0.01728918939231461,0.03242192676354963,6e0928a840435a55636e808b9b0e68a647807e9b
PFR-Interaction-v1,interaction,concat,2026,28,0.022434585334751806,sparse_user,20,0.021507028294156388,0.049295463580546844,6e0928a840435a55636e808b9b0e68a647807e9b
PFR-Interaction-v1,interaction,concat,2026,28,0.022434585334751806,sparse_user,50,0.02808777724454122,0.08273333627810416,6e0928a840435a55636e808b9b0e68a647807e9b
PFR-Semantic-v1,semantic,concat,2026,81,0.004933248720452091,all,5,0.0027314284372671263,0.004354177200966347,6e0928a840435a55636e808b9b0e68a647807e9b
PFR-Semantic-v1,semantic,concat,2026,81,0.004933248720452091,all,10,0.003635788467466293,0.0071633237822349575,6e0928a840435a55636e808b9b0e68a647807e9b
PFR-Semantic-v1,semantic,concat,2026,81,0.004933248720452091,all,20,0.005281006224710595,0.013736726782403506,6e0928a840435a55636e808b9b0e68a647807e9b
PFR-Semantic-v1,semantic,concat,2026,81,0.004933248720452091,all,50,0.008723444243976542,0.03129389291533232,6e0928a840435a55636e808b9b0e68a647807e9b
PFR-Semantic-v1,semantic,concat,2026,81,0.004933248720452091,cold_start_target,5,0.0,0.0,6e0928a840435a55636e808b9b0e68a647807e9b
PFR-Semantic-v1,semantic,concat,2026,81,0.004933248720452091,cold_start_target,10,0.0,0.0,6e0928a840435a55636e808b9b0e68a647807e9b
PFR-Semantic-v1,semantic,concat,2026,81,0.004933248720452091,cold_start_target,20,0.0,0.0,6e0928a840435a55636e808b9b0e68a647807e9b
PFR-Semantic-v1,semantic,concat,2026,81,0.004933248720452091,cold_start_target,50,0.0005711122926815148,0.0031545741324921135,6e0928a840435a55636e808b9b0e68a647807e9b
PFR-Semantic-v1,semantic,concat,2026,81,0.004933248720452091,long_tail_target,5,0.0004985185384145143,0.0008030515960650472,6e0928a840435a55636e808b9b0e68a647807e9b
PFR-Semantic-v1,semantic,concat,2026,81,0.004933248720452091,long_tail_target,10,0.0007810991758211375,0.0017064846416382253,6e0928a840435a55636e808b9b0e68a647807e9b
PFR-Semantic-v1,semantic,concat,2026,81,0.004933248720452091,long_tail_target,20,0.0012329706707345956,0.0035133507327845814,6e0928a840435a55636e808b9b0e68a647807e9b
PFR-Semantic-v1,semantic,concat,2026,81,0.004933248720452091,long_tail_target,50,0.0025205917908270614,0.010238907849829351,6e0928a840435a55636e808b9b0e68a647807e9b
PFR-Semantic-v1,semantic,concat,2026,81,0.004933248720452091,sparse_user,5,0.002839358384452002,0.004505499359512346,6e0928a840435a55636e808b9b0e68a647807e9b
PFR-Semantic-v1,semantic,concat,2026,81,0.004933248720452091,sparse_user,10,0.003826775953931988,0.007553337161535403,6e0928a840435a55636e808b9b0e68a647807e9b
PFR-Semantic-v1,semantic,concat,2026,81,0.004933248720452091,sparse_user,20,0.005512915186497905,0.014311586200803923,6e0928a840435a55636e808b9b0e68a647807e9b
PFR-Semantic-v1,semantic,concat,2026,81,0.004933248720452091,sparse_user,50,0.009026048215488452,0.032201068951808826,6e0928a840435a55636e808b9b0e68a647807e9b
