metric,n,mean,sample_std,min,max
best_epoch,3,23.333333333333332,4.041451884327381,21.0,28.0
best_validation_ndcg@10,3,0.01670567598370043,0.00029094284985919157,0.016408980260257527,0.016990502699652885
ndcg@5,3,0.009582926102137056,0.00028355169773921243,0.00937716279450317,0.00990636990414462
recall@5,3,0.014710564263909959,0.00017164169129186427,0.014523287825158717,0.01486038541491095
ndcg@10,3,0.012685123833196449,0.00039767144195899544,0.012378481175130764,0.013134452401905208
recall@10,3,0.024383392325411538,0.0007222293461532921,0.023568739816843643,0.024945221641665263
selection_wall_seconds,3,293.8255372283359,25.205676127060062,275.0511545650661,322.4732588157058
pure_training_seconds,3,201.97636471812925,16.757527196667578,188.8899712022394,220.8635659441352
test_wall_seconds,3,2.1246347340444722,0.03723381590386013,2.0847609117627144,2.1584970094263554
